Date,Amount,Payee,Particulars,Code,Reference,Tran Type,Processed Date
09/04/2025,-29.90,Xero Subscription,Wellington,,,PUR,09/04/2025
16/04/2025,-87.40,Cafe supplies,Nelson,,,PUR,16/04/2025
24/04/2025,-58.00,Waka Fuel Stop,Nelson,,,PUR,24/04/2025
09/05/2025,-29.90,Xero Subscription,Wellington,,,PUR,09/05/2025
21/05/2025,-142.60,Fuel,Richmond,,,PUR,21/05/2025
05/06/2025,-349.00,Kea Airways,Auckland,,,PUR,05/06/2025
09/06/2025,-29.90,Xero Subscription,Wellington,,,PUR,09/06/2025
18/06/2025,-63.25,Cafe supplies,Nelson,,,PUR,18/06/2025
03/07/2025,-84.97,Bunnings Warehouse,Richmond,,,PUR,03/07/2025
09/07/2025,-29.90,Xero Subscription,Wellington,,,PUR,09/07/2025
23/07/2025,-210.45,Airline ticket,Auckland,,,PUR,23/07/2025
09/08/2025,-29.90,Xero Subscription,Wellington,,,PUR,09/08/2025
14/08/2025,-55.20,Stationery,Nelson,,,PUR,14/08/2025
28/08/2025,-64.30,Paper Plus,Nelson,,,PUR,28/08/2025
09/09/2025,-29.90,Xero Subscription,Wellington,,,PUR,09/09/2025
11/09/2025,-212.40,Countdown,Nelson,,,PUR,11/09/2025
26/09/2025,-178.25,Fuel,Richmond,,,PUR,26/09/2025
15/10/2025,-395.60,Trade show stand,Christchurch,,,PUR,15/10/2025
28/10/2025,1284.35,PAYMENT - THANK YOU,,,,PMT,28/10/2025
07/11/2025,-38.50,Kotuku Books,Nelson,,,PUR,07/11/2025
19/11/2025,-92.00,Cafe supplies,Nelson,,,PUR,19/11/2025
26/11/2025,-45.00,Google Workspace,Auckland,,,PUR,26/11/2025
04/12/2025,-132.25,Phone and internet,Nelson,,,PUR,04/12/2025
14/01/2026,-39.00,Canva,Wellington,,,PUR,14/01/2026
22/01/2026,-46.00,Cafe supplies,Nelson,,,PUR,22/01/2026
02/02/2026,-24.00,Mahoe Parking,Nelson,,,PUR,02/02/2026
19/02/2026,-167.90,Fuel,Richmond,,,PUR,19/02/2026
05/03/2026,-132.25,Phone and internet,Nelson,,,PUR,05/03/2026
12/03/2026,-118.00,Mitre 10 Mega,Nelson,,,PUR,12/03/2026
