*Code,*Name,*Type,*Tax Code,Description,Dashboard,Expense Claims,Enable Payments,Entity,GST Treatment,Entity Owners,Entity Kind
"200KC","Sales","Revenue","15% GST on Income","Income from any normal business activity","","","","Kea Coffee Roasters Limited","standard","","business"
"260KC","Other Revenue","Revenue","15% GST on Income","Any other income that does not relate to normal business activities and is not recurring","","","","Kea Coffee Roasters Limited","standard","","business"
"270KC","Interest Income","Revenue","No GST","Gross interest income (i.e. before deducting Residential Withholding Tax), such as bank interest","","","","Kea Coffee Roasters Limited","out-of-scope","","business"
"300KC","Depreciation Recovered","Other Income","No GST","","","","","Kea Coffee Roasters Limited","out-of-scope","","business"
"301KC","Capital Gain (Loss) on Disposal of Assets","Revenue","15% GST on Income","","","","","Kea Coffee Roasters Limited","standard","","business"
"310KC","Cost of Goods Sold","Direct Costs","15% GST on Expenses","Cost of goods sold by the business","","","","Kea Coffee Roasters Limited","standard","","business"
"400KC","Advertising","Overhead","15% GST on Expenses","Expenses incurred for advertising while trying to increase sales","","","","Kea Coffee Roasters Limited","standard","","business"
"401KC","ACC Levy Expenses","Expense","15% GST on Expenses","","","","","Kea Coffee Roasters Limited","standard","","business"
"404KC","Bank Fees","Overhead","No GST","Fees charged by your bank for transactions regarding your bank account(s).","","","","Kea Coffee Roasters Limited","out-of-scope","","business"
"408KC","Cleaning","Overhead","15% GST on Expenses","Expenses incurred for cleaning  business property.","","","","Kea Coffee Roasters Limited","standard","","business"
"412KC","Consulting & Accounting","Overhead","15% GST on Expenses","Expenses related to paying consultants","","","","Kea Coffee Roasters Limited","standard","","business"
"413KC","Subcontractors (GST Registered)","Expense","15% GST on Expenses","","","","","Kea Coffee Roasters Limited","standard","","business"
"414KC","Subcontractors (Not GST Registered)","Expense","15% GST on Expenses","","","","","Kea Coffee Roasters Limited","standard","","business"
"416KC","Depreciation","Overhead","No GST","The amount of the asset's cost (based on the useful life) that was consumed during the period","","","","Kea Coffee Roasters Limited","out-of-scope","","business"
"420KC","Entertainment","Overhead","15% GST on Expenses","50% of the total expense relating to business-related entertainment. E.g. shouting clients or employees  a drink or a meal etc.","","","","Kea Coffee Roasters Limited","standard","","business"
"424KC","Entertainment - Non deductible","Overhead","No GST","Expenses paid by company for the business but are not deductable for income tax purposes.","","","","Kea Coffee Roasters Limited","out-of-scope","","business"
"425KC","Freight & Courier","Overhead","15% GST on Expenses","Expenses incurred on courier & freight costs","","","","Kea Coffee Roasters Limited","standard","","business"
"429KC","General Expenses","Overhead","15% GST on Expenses","General expenses related to the running of the business.","","","","Kea Coffee Roasters Limited","standard","","business"
"433KC","Insurance","Overhead","15% GST on Expenses","Expenses incurred for insuring the business' assets","","","","Kea Coffee Roasters Limited","standard","","business"
"437KC","Interest Expense","Overhead","No GST","Any interest expenses paid to IRD, business bank accounts or credit card accounts.","","","","Kea Coffee Roasters Limited","out-of-scope","","business"
"441KC","Legal expenses","Overhead","15% GST on Expenses","Expenses incurred on any legal matters","","","","Kea Coffee Roasters Limited","standard","","business"
"445KC","Light, Power, Heating","Overhead","15% GST on Expenses","Expenses incurred for lighting, powering or heating the premises","","","","Kea Coffee Roasters Limited","standard","","business"
"446KC","Low Value Assets <1K","Expense","15% GST on Expenses","","","","","Kea Coffee Roasters Limited","standard","","business"
"449KC","Motor Vehicle Expenses","Overhead","15% GST on Expenses","Expenses incurred on the running of company motor vehicles","","","","Kea Coffee Roasters Limited","standard","","business"
"453KC","Office Expenses","Overhead","15% GST on Expenses","General expenses related to the running of the business office.","","","","Kea Coffee Roasters Limited","standard","","business"
"461KC","Printing & Stationery","Overhead","15% GST on Expenses","Expenses incurred by the entity as a result of printing and stationery","","","","Kea Coffee Roasters Limited","standard","","business"
"469KC","Rent","Overhead","15% GST on Expenses","The payment to lease a building or area.","","","","Kea Coffee Roasters Limited","standard","","business"
"470KC","Loss on sale of Fixed Assets","Expense","No GST","","","","","Kea Coffee Roasters Limited","out-of-scope","","business"
"473KC","Repairs and Maintenance","Overhead","15% GST on Expenses","Expenses incurred on a damaged or run down asset that will bring the asset back to its original condition.","","","","Kea Coffee Roasters Limited","standard","","business"
"477KC","Salaries","Overhead","No GST","Payment to employees in exchange for their resources","","","","Kea Coffee Roasters Limited","out-of-scope","","business"
"478KC","KiwiSaver Employer Contributions","Overhead","No GST","KiwiSaver employer contributions","","","","Kea Coffee Roasters Limited","out-of-scope","","business"
"485KC","Subscriptions","Overhead","15% GST on Expenses","E.g. Magazines, professional bodies.","","","","Kea Coffee Roasters Limited","standard","","business"
"489KC","Telephone & Internet","Overhead","15% GST on Expenses","Expenditure incurred from any business-related phone calls, phone lines, or internet connections","","","","Kea Coffee Roasters Limited","standard","","business"
"493KC","Travel - National","Overhead","15% GST on Expenses","Expenses incurred from domestic travel which has a business purpose","","","","Kea Coffee Roasters Limited","standard","","business"
"494KC","Travel - International","Overhead","No GST","Expenses incurred from international travel which has a business purpose","","","","Kea Coffee Roasters Limited","out-of-scope","","business"
"495KC","Staff Training Expense","Expense","15% GST on Expenses","","","","","Kea Coffee Roasters Limited","standard","","business"
"505KC","Income Tax Expense","Expense","No GST","A percentage of total earnings paid to the government.","","","","Kea Coffee Roasters Limited","out-of-scope","","business"
"506KC","Stripe Fees","Expense","No GST","","","","","Kea Coffee Roasters Limited","out-of-scope","","business"
"507KC","PayPal fees","Expense","No GST","PayPal fees","","","","Kea Coffee Roasters Limited","out-of-scope","","business"
"610KC","Accounts Receivable","Accounts Receivable","No GST","Outstanding invoices the company has issued out to the client but has not yet received in cash at balance date.","","","","Kea Coffee Roasters Limited","out-of-scope","","business"
"611KC","less Provision for Doubtful Debts","Current Asset","No GST","A provision anticipating that some of the accounts receivables will become bad debts.","","","","Kea Coffee Roasters Limited","out-of-scope","","business"
"620KC","Prepayments","Current Asset","No GST","An expenditure that has been paid for in advance.","","","","Kea Coffee Roasters Limited","out-of-scope","","business"
"625KC","Withholding tax paid","Current Asset","No GST","Withholding tax paid","","","","Kea Coffee Roasters Limited","out-of-scope","","business"
"630KC","Inventory","Inventory","No GST","Value of tracked items for resale.","","","","Kea Coffee Roasters Limited","out-of-scope","","business"
"710KC","Office Equipment","Fixed Asset","15% GST on Expenses","Office equipment that is owned and controlled by the business","","","","Kea Coffee Roasters Limited","standard","","business"
"711KC","Less Accumulated Depreciation on Office Equipment","Fixed Asset","No GST","The total amount of office equipment cost that has been consumed by the entity (based on the useful life)","","","","Kea Coffee Roasters Limited","out-of-scope","","business"
"720KC","Computer Equipment","Fixed Asset","15% GST on Expenses","Computer equipment that is owned and controlled by the business","","","","Kea Coffee Roasters Limited","standard","","business"
"721KC","Less Accumulated Depreciation on Computer Equipment","Fixed Asset","No GST","The total amount of computer equipment cost that has been consumed by the business (based on the useful life)","","","","Kea Coffee Roasters Limited","out-of-scope","","business"
"740KC","Motor Vehicle >1K","Fixed Asset","15% GST on Expenses","Vehicles owned and controlled by the business","","","","Kea Coffee Roasters Limited","standard","","business"
"741KC","Less Accumulated Depreciation – Vehicles","Fixed Asset","No GST","Accumulated Depreciation for Vehicle","","","","Kea Coffee Roasters Limited","out-of-scope","","business"
"800KC","Accounts Payable","Accounts Payable","No GST","Outstanding invoices the company has received from suppliers but has not yet paid at balance date","","","","Kea Coffee Roasters Limited","out-of-scope","","business"
"801KC","Unpaid Expense Claims","Unpaid Expense Claims","No GST","Expense claims typically made by employees/shareholder employees still outstanding.","","","","Kea Coffee Roasters Limited","out-of-scope","","business"
"814KC","Wages Payable - Payroll","Current Liability","No GST","Where this account is set as the nominated Wages Payable account within Payroll Settings, Xero allocates the net wage amount of each pay run created using Payroll to this account","","","","Kea Coffee Roasters Limited","out-of-scope","","business"
"816KC","Wages Deductions Payable","Current Liability","No GST","The amounts deducted from employee's wages due to be paid","","","","Kea Coffee Roasters Limited","out-of-scope","","business"
"820KC","GST","GST","No GST","The balance in this account represents GST owing to or from the IRD. At the end of the GST period, it is this account that should be used to code against either the 'refunds from' or 'payments to' the IRD that will appear on the bank statement. Xero has been designed to use only one GST account to track GST on income and expenses, so there is no need to add any new GST accounts to Xero.","","","","Kea Coffee Roasters Limited","out-of-scope","","business"
"825KC","PAYE Payable","Current Liability","No GST","The amount of PAYE tax that is due to be paid","","","","Kea Coffee Roasters Limited","out-of-scope","","business"
"830KC","Income Tax","Current Liability","No GST","The amount of income tax that is due to be paid, also resident withholding tax paid on interest received.","","","","Kea Coffee Roasters Limited","out-of-scope","","business"
"840KC","Historical Adjustment","Historical","No GST","For accountant adjustments","","","","Kea Coffee Roasters Limited","out-of-scope","","business"
"850KC","Suspense","Current Liability","No GST","An entry that allows an unknown transaction to be entered, so the accounts can still be worked on in balance and the entry can be dealt with later.","","","","Kea Coffee Roasters Limited","out-of-scope","","business"
"860KC","Rounding","Rounding","No GST","An adjustment entry to allow for rounding","","","","Kea Coffee Roasters Limited","out-of-scope","","business"
"877KC","Tracking Transfers","Tracking","No GST","Transfers between tracking categories","","","","Kea Coffee Roasters Limited","out-of-scope","","business"
"900KC","Loan","Non-current Liability","No GST","Money that has been borrowed from a creditor","","","","Kea Coffee Roasters Limited","out-of-scope","","business"
"910KC","Loan from Director","Non-current Liability","No GST","Loan from directors","","","","Kea Coffee Roasters Limited","out-of-scope","","business"
"960KC","Retained Earnings","Retained Earnings","No GST","Do not Use","","","","Kea Coffee Roasters Limited","out-of-scope","","business"
"970KC","Owner Funds Introduced","Equity","No GST","Funds contributed by the owner","","","","Kea Coffee Roasters Limited","out-of-scope","","business"
"980KC","Owner Drawings","Equity","No GST","Withdrawals by the owners","","","","Kea Coffee Roasters Limited","out-of-scope","","business"
"200RL","Rent received","Revenue","No GST","Rent from tenants","","","","17 Rimu Lane","exempt","Ana Whitcombe 50%; Tom Whitcombe 50%","residential"
"260RL","Other rental income","Other Income","No GST","Water recharged, insurance payouts, bond kept for damage","","","","17 Rimu Lane","exempt","Ana Whitcombe 50%; Tom Whitcombe 50%","residential"
"404RL","Bank fees","Expense","No GST","Account and loan fees","","","","17 Rimu Lane","exempt","Ana Whitcombe 50%; Tom Whitcombe 50%","residential"
"412RL","Accounting fees","Expense","No GST","Preparing the accounts and return","","","","17 Rimu Lane","exempt","Ana Whitcombe 50%; Tom Whitcombe 50%","residential"
"416RL","Depreciation","Depreciation","No GST","Chattels and fit-out, posted from the asset register","","","","17 Rimu Lane","exempt","Ana Whitcombe 50%; Tom Whitcombe 50%","residential"
"420RL","Rates and water","Expense","No GST","Council rates and water charges","","","","17 Rimu Lane","exempt","Ana Whitcombe 50%; Tom Whitcombe 50%","residential"
"429RL","Other expenses","Expense","No GST","Advertising for tenants, travel to inspect, sundry costs","","","","17 Rimu Lane","exempt","Ana Whitcombe 50%; Tom Whitcombe 50%","residential"
"433RL","Insurance","Expense","No GST","Building, contents and landlord insurance","","","","17 Rimu Lane","exempt","Ana Whitcombe 50%; Tom Whitcombe 50%","residential"
"437RL","Interest","Expense","No GST","Mortgage interest on money borrowed for the property","","","","17 Rimu Lane","exempt","Ana Whitcombe 50%; Tom Whitcombe 50%","residential"
"441RL","Legal fees","Expense","No GST","Tenancy and property legal costs","","","","17 Rimu Lane","exempt","Ana Whitcombe 50%; Tom Whitcombe 50%","residential"
"450RL","Property management fees","Expense","No GST","Letting agent's collection and management fees","","","","17 Rimu Lane","exempt","Ana Whitcombe 50%; Tom Whitcombe 50%","residential"
"473RL","Repairs and maintenance","Expense","No GST","Restoring the property to its condition; not improvements","","","","17 Rimu Lane","exempt","Ana Whitcombe 50%; Tom Whitcombe 50%","residential"
"493RL","Travel","Expense","No GST","Travel to inspect or look after the property, including mileage","","","","17 Rimu Lane","exempt","Ana Whitcombe 50%; Tom Whitcombe 50%","residential"
"615RL","Held by property manager","Current Asset","No GST","Rent a property manager has collected and not yet paid out; their payments to you are coded here","","","","17 Rimu Lane","out-of-scope","Ana Whitcombe 50%; Tom Whitcombe 50%","residential"
"740RL","Chattels and fit-out","Fixed Asset","No GST","Depreciable items bought for the property","","","","17 Rimu Lane","out-of-scope","Ana Whitcombe 50%; Tom Whitcombe 50%","residential"
"802RL","Tenant bonds held","Current Liability","No GST","Bond received from a tenant and paid to Tenancy Services","","","","17 Rimu Lane","out-of-scope","Ana Whitcombe 50%; Tom Whitcombe 50%","residential"
"970RL","Funds introduced","Equity","No GST","Owner's money paid into the property's accounts","","","","17 Rimu Lane","out-of-scope","Ana Whitcombe 50%; Tom Whitcombe 50%","residential"
"980RL","Drawings","Equity","No GST","Money taken out of the property's accounts by the owner","","","","17 Rimu Lane","out-of-scope","Ana Whitcombe 50%; Tom Whitcombe 50%","residential"
"200MS","Rent received","Revenue","15% GST on Income","Rent from tenants","","","","4 Matai Street","standard","Ana Whitcombe 50%; Tom Whitcombe 50%","commercial"
"250MS","Outgoings recovered","Revenue","15% GST on Income","Rates, insurance and running costs recharged to tenants","","","","4 Matai Street","standard","Ana Whitcombe 50%; Tom Whitcombe 50%","commercial"
"260MS","Other rental income","Other Income","15% GST on Income","Insurance payouts and other property income","","","","4 Matai Street","standard","Ana Whitcombe 50%; Tom Whitcombe 50%","commercial"
"404MS","Bank fees","Expense","No GST","Account and loan fees","","","","4 Matai Street","out-of-scope","Ana Whitcombe 50%; Tom Whitcombe 50%","commercial"
"412MS","Accounting fees","Expense","15% GST on Expenses","Preparing the accounts and return","","","","4 Matai Street","standard","Ana Whitcombe 50%; Tom Whitcombe 50%","commercial"
"416MS","Depreciation","Depreciation","No GST","Chattels and fit-out, posted from the asset register","","","","4 Matai Street","out-of-scope","Ana Whitcombe 50%; Tom Whitcombe 50%","commercial"
"420MS","Rates and water","Expense","15% GST on Expenses","Council rates and water charges","","","","4 Matai Street","standard","Ana Whitcombe 50%; Tom Whitcombe 50%","commercial"
"429MS","Other expenses","Expense","15% GST on Expenses","Advertising for tenants, travel to inspect, sundry costs","","","","4 Matai Street","standard","Ana Whitcombe 50%; Tom Whitcombe 50%","commercial"
"433MS","Insurance","Expense","15% GST on Expenses","Building, contents and landlord insurance","","","","4 Matai Street","standard","Ana Whitcombe 50%; Tom Whitcombe 50%","commercial"
"437MS","Interest","Expense","No GST","Mortgage interest on money borrowed for the property","","","","4 Matai Street","out-of-scope","Ana Whitcombe 50%; Tom Whitcombe 50%","commercial"
"441MS","Legal fees","Expense","15% GST on Expenses","Tenancy and property legal costs","","","","4 Matai Street","standard","Ana Whitcombe 50%; Tom Whitcombe 50%","commercial"
"450MS","Property management fees","Expense","15% GST on Expenses","Letting agent's collection and management fees","","","","4 Matai Street","standard","Ana Whitcombe 50%; Tom Whitcombe 50%","commercial"
"473MS","Repairs and maintenance","Expense","15% GST on Expenses","Restoring the property to its condition; not improvements","","","","4 Matai Street","standard","Ana Whitcombe 50%; Tom Whitcombe 50%","commercial"
"493MS","Travel","Expense","15% GST on Expenses","Travel to inspect or look after the property, including mileage","","","","4 Matai Street","standard","Ana Whitcombe 50%; Tom Whitcombe 50%","commercial"
"615MS","Held by property manager","Current Asset","No GST","Rent a property manager has collected and not yet paid out; their payments to you are coded here","","","","4 Matai Street","out-of-scope","Ana Whitcombe 50%; Tom Whitcombe 50%","commercial"
"740MS","Chattels and fit-out","Fixed Asset","15% GST on Expenses","Depreciable items bought for the property","","","","4 Matai Street","standard","Ana Whitcombe 50%; Tom Whitcombe 50%","commercial"
"802MS","Tenant bonds held","Current Liability","No GST","Bond received from a tenant and paid to Tenancy Services","","","","4 Matai Street","out-of-scope","Ana Whitcombe 50%; Tom Whitcombe 50%","commercial"
"970MS","Funds introduced","Equity","No GST","Owner's money paid into the property's accounts","","","","4 Matai Street","out-of-scope","Ana Whitcombe 50%; Tom Whitcombe 50%","commercial"
"980MS","Drawings","Equity","No GST","Money taken out of the property's accounts by the owner","","","","4 Matai Street","out-of-scope","Ana Whitcombe 50%; Tom Whitcombe 50%","commercial"
"800MS","Accounts Payable","Accounts Payable","No GST","Approved bills not yet paid","","","","4 Matai Street","out-of-scope","Ana Whitcombe 50%; Tom Whitcombe 50%","commercial"
"820MS","GST","Current Liability","No GST","GST owing to or from Inland Revenue","","","","4 Matai Street","out-of-scope","Ana Whitcombe 50%; Tom Whitcombe 50%","commercial"
